state,stage,sex,year,schools_total,students_total,teachers_total,students_per_teacher,students_per_school,teachers_per_school,schools_growth_1y,students_growth_1y,teachers_growth_1y
johor,primary,female,2017,906,158464,19343,8.192317634286304,174.90507726269317,21.34988962472406,,,
johor,primary,female,2018,907,159275,20274,7.856121140376837,175.606394707828,22.352811466372657,0.0011037527593818985,0.005117881663974152,0.04813110686036292
johor,primary,female,2019,907,161024,19797,8.133757640046472,177.53472987872107,21.826901874310916,0.0,0.010981007691100298,-0.023527670908552827
johor,primary,female,2020,906,161024,19871,8.103467364501032,177.73068432671081,21.932671081677704,-0.0011025358324145535,0.0,0.003737940091933121
johor,primary,female,2021,906,161241,19708,8.181499898518368,177.97019867549668,21.752759381898453,0.0,0.00134762519872814,-0.008202908761511751
johor,primary,female,2022,908,161163,19410,8.303091190108193,177.49229074889868,21.376651982378856,0.002207505518763797,-0.0004837479301170298,-0.01512076314187132
johor,primary,male,2017,906,168245,7744,21.725852272727273,185.70088300220752,8.54746136865342,,,
johor,primary,male,2018,907,168818,8037,21.005101405997262,186.12789415656007,8.861080485115766,0.0011037527593818985,0.003405747570507296,0.037835743801652895
johor,primary,male,2019,907,170106,7843,21.688894555654723,187.54796030871003,8.647188533627343,0.0,0.0076295181793410655,-0.024138360084608686
johor,primary,male,2020,906,170166,7924,21.474760222110046,187.82119205298014,8.746136865342164,-0.0011025358324145535,0.00035272124440055027,0.010327680734412852
johor,primary,male,2021,906,170636,7730,22.0745148771022,188.33995584988963,8.532008830022075,0.0,0.0027620088619348167,-0.024482584553255932
johor,primary,male,2022,908,170042,7373,23.062796690627966,187.27092511013217,8.120044052863436,0.002207505518763797,-0.0034810942591246867,-0.04618369987063389
johor,secondary_lower,female,2017,277,132845,15239,8.717435527265568,479.58483754512633,55.014440433213,,,
johor,secondary_lower,female,2018,280,120155,15418,7.79316383447918,429.125,55.06428571428572,0.010830324909747292,-0.09552485979901389,0.011746177570706739
johor,secondary_lower,female,2019,282,117891,15478,7.61668174182711,418.0531914893617,54.88652482269504,0.007142857142857143,-0.018842328658815695,0.0038915553249448697
johor,secondary_lower,female,2020,283,117688,15353,7.665472546082199,415.85865724381625,54.25088339222615,0.0035460992907801418,-0.0017219295790179064,-0.008075978808631605
johor,secondary_lower,female,2021,284,118063,15119,7.808915933593491,415.71478873239437,53.235915492957744,0.0035335689045936395,0.003186391135884712,-0.015241320914479255
johor,secondary_lower,female,2022,284,117254,15530,7.550160978750805,412.86619718309856,54.683098591549296,0.0,-0.006852273786029493,0.027184337588464846
johor,secondary_lower,male,2017,277,129224,6185,20.893128536782537,466.51263537906135,22.32851985559567,,,
johor,secondary_lower,male,2018,280,120079,6167,19.471217772012324,428.85357142857146,22.025,0.010830324909747292,-0.07076858787841268,-0.002910266774454325
johor,secondary_lower,male,2019,282,118598,6051,19.599735580895718,420.56028368794324,21.45744680851064,0.007142857142857143,-0.012333547081504677,-0.018809794065185667
johor,secondary_lower,male,2020,283,119114,5869,20.295450673027773,420.8975265017668,20.738515901060072,0.0035460992907801418,0.004350832223140357,-0.030077673111882332
johor,secondary_lower,male,2021,284,120751,5702,21.176955454226587,425.17957746478874,20.077464788732396,0.0035335689045936395,0.013743136826905318,-0.028454591923666724
johor,secondary_lower,male,2022,284,121237,5746,21.09937347720153,426.89084507042253,20.232394366197184,0.0,0.004024811388725559,0.007716590669940372
johor,secondary_upper,female,2017,277,132845,15239,8.717435527265568,479.58483754512633,55.014440433213,,,
johor,secondary_upper,female,2018,280,120155,15418,7.79316383447918,429.125,55.06428571428572,0.010830324909747292,-0.09552485979901389,0.011746177570706739
johor,secondary_upper,female,2019,282,117891,15478,7.61668174182711,418.0531914893617,54.88652482269504,0.007142857142857143,-0.018842328658815695,0.0038915553249448697
johor,secondary_upper,female,2020,283,117688,15353,7.665472546082199,415.85865724381625,54.25088339222615,0.0035460992907801418,-0.0017219295790179064,-0.008075978808631605
johor,secondary_upper,female,2021,284,118063,15119,7.808915933593491,415.71478873239437,53.235915492957744,0.0035335689045936395,0.003186391135884712,-0.015241320914479255
johor,secondary_upper,female,2022,284,117254,15530,7.550160978750805,412.86619718309856,54.683098591549296,0.0,-0.006852273786029493,0.027184337588464846
johor,secondary_upper,male,2017,277,129224,6185,20.893128536782537,466.51263537906135,22.32851985559567,,,
johor,secondary_upper,male,2018,280,120079,6167,19.471217772012324,428.85357142857146,22.025,0.010830324909747292,-0.07076858787841268,-0.002910266774454325
johor,secondary_upper,male,2019,282,118598,6051,19.599735580895718,420.56028368794324,21.45744680851064,0.007142857142857143,-0.012333547081504677,-0.018809794065185667
johor,secondary_upper,male,2020,283,119114,5869,20.295450673027773,420.8975265017668,20.738515901060072,0.0035460992907801418,0.004350832223140357,-0.030077673111882332
johor,secondary_upper,male,2021,284,120751,5702,21.176955454226587,425.17957746478874,20.077464788732396,0.0035335689045936395,0.013743136826905318,-0.028454591923666724
johor,secondary_upper,male,2022,284,121237,5746,21.09937347720153,426.89084507042253,20.232394366197184,0.0,0.004024811388725559,0.007716590669940372
kedah,primary,female,2017,546,93003,11761,7.9077459399710905,170.33516483516485,21.54029304029304,,,
kedah,primary,female,2018,547,93089,12176,7.645285808147174,170.18098720292505,22.259597806215723,0.0018315018315018315,0.0009247013537197724,0.035286115126264776
kedah,primary,female,2019,547,93091,12177,7.644822205797816,170.18464351005485,22.26142595978062,0.0,2.1484815606570057e-05,8.21287779237845e-05
kedah,primary,female,2020,548,92895,12084,7.687437934458789,169.51642335766422,22.05109489051095,0.0018281535648994515,-0.002105466693880182,-0.007637349100763735
kedah,primary,female,2021,548,92702,12022,7.711029778738978,169.16423357664235,21.937956204379564,0.0,-0.002077614511007051,-0.005130751406818934
kedah,primary,female,2022,548,92340,12350,7.476923076923077,168.5036496350365,22.536496350364963,0.0,-0.0039049858686975468,0.0272833139244718
kedah,primary,male,2017,546,97025,5187,18.705417389627915,177.7014652014652,9.5,,,
kedah,primary,male,2018,547,96708,5026,19.241543971348985,176.79707495429616,9.188299817184644,0.0018315018315018315,-0.0032671991754702396,-0.0310391363022942
kedah,primary,male,2019,547,96878,4984,19.437800963081862,177.10786106032907,9.111517367458866,0.0,0.0017578690490962486,-0.008356545961002786
kedah,primary,male,2020,548,96275,4985,19.312938816449346,175.68430656934308,9.096715328467154,0.0018281535648994515,-0.006224323375792234,0.00020064205457463884
kedah,primary,male,2021,548,96543,4896,19.71875,176.17335766423358,8.934306569343066,0.0,0.0027836925473902884,-0.01785356068204614
kedah,primary,male,2022,548,96184,5087,18.90780420680165,175.5182481751825,9.282846715328468,0.0,-0.003718550283293455,0.03901143790849673
kedah,secondary_lower,female,2017,201,83140,9598,8.662221296103354,413.6318407960199,47.75124378109453,,,
kedah,secondary_lower,female,2018,201,73315,9680,7.573863636363637,364.7512437810945,48.159203980099505,0.0,-0.11817416406062065,0.008543446551364868
kedah,secondary_lower,female,2019,202,71551,9638,7.423843120979456,354.21287128712873,47.71287128712871,0.004975124378109453,-0.02406056059469413,-0.0043388429752066115
kedah,secondary_lower,female,2020,202,70704,9526,7.422212891035062,350.019801980198,47.15841584158416,0.0,-0.011837710164777571,-0.011620668188420833
kedah,secondary_lower,female,2021,203,71380,9345,7.638309256286784,351.6256157635468,46.03448275862069,0.0049504950495049506,0.009560986648563023,-0.01900062985513332
kedah,secondary_lower,female,2022,204,72060,9666,7.454996896337678,353.2352941176471,47.38235294117647,0.0049261083743842365,0.009526478005043429,0.03434991974317817
kedah,secondary_lower,male,2017,201,76472,4682,16.333190944041007,380.4577114427861,23.29353233830846,,,
kedah,secondary_lower,male,2018,201,70220,4518,15.542275343072156,349.3532338308458,22.47761194029851,0.0,-0.08175541374620776,-0.03502776591200342
kedah,secondary_lower,male,2019,202,68795,4395,15.653014789533561,340.5693069306931,21.757425742574256,0.004975124378109453,-0.020293363714041585,-0.027224435590969456
kedah,secondary_lower,male,2020,202,68488,4199,16.310550130983568,339.0495049504951,20.787128712871286,0.0,-0.004462533614361509,-0.04459613196814562
kedah,secondary_lower,male,2021,203,69836,4037,17.298984394352242,344.0197044334975,19.886699507389164,0.0049504950495049506,0.019682280107464083,-0.03858061443200762
kedah,secondary_lower,male,2022,204,71531,4017,17.80706995270102,350.6421568627451,19.691176470588236,0.0049261083743842365,0.024271149550375164,-0.0049541738915035915
kedah,secondary_upper,female,2017,201,83140,9598,8.662221296103354,413.6318407960199,47.75124378109453,,,
kedah,secondary_upper,female,2018,201,73315,9680,7.573863636363637,364.7512437810945,48.159203980099505,0.0,-0.11817416406062065,0.008543446551364868
kedah,secondary_upper,female,2019,202,71551,9638,7.423843120979456,354.21287128712873,47.71287128712871,0.004975124378109453,-0.02406056059469413,-0.0043388429752066115
kedah,secondary_upper,female,2020,202,70704,9526,7.422212891035062,350.019801980198,47.15841584158416,0.0,-0.011837710164777571,-0.011620668188420833
kedah,secondary_upper,female,2021,203,71380,9345,7.638309256286784,351.6256157635468,46.03448275862069,0.0049504950495049506,0.009560986648563023,-0.01900062985513332
kedah,secondary_upper,female,2022,204,72060,9666,7.454996896337678,353.2352941176471,47.38235294117647,0.0049261083743842365,0.009526478005043429,0.03434991974317817
kedah,secondary_upper,male,2017,201,76472,4682,16.333190944041007,380.4577114427861,23.29353233830846,,,
kedah,secondary_upper,male,2018,201,70220,4518,15.542275343072156,349.3532338308458,22.47761194029851,0.0,-0.08175541374620776,-0.03502776591200342
kedah,secondary_upper,male,2019,202,68795,4395,15.653014789533561,340.5693069306931,21.757425742574256,0.004975124378109453,-0.020293363714041585,-0.027224435590969456
kedah,secondary_upper,male,2020,202,68488,4199,16.310550130983568,339.0495049504951,20.787128712871286,0.0,-0.004462533614361509,-0.04459613196814562
kedah,secondary_upper,male,2021,203,69836,4037,17.298984394352242,344.0197044334975,19.886699507389164,0.0049504950495049506,0.019682280107464083,-0.03858061443200762
kedah,secondary_upper,male,2022,204,71531,4017,17.80706995270102,350.6421568627451,19.691176470588236,0.0049261083743842365,0.024271149550375164,-0.0049541738915035915
kelantan,primary,female,2017,418,83983,9873,8.506330396029576,200.91626794258374,23.619617224880383,,,
kelantan,primary,female,2018,418,83962,10472,8.017761650114592,200.86602870813397,25.05263157894737,0.0,-0.0002500506054796804,0.06067051554745265
kelantan,primary,female,2019,418,84381,10575,7.979290780141844,201.8684210526316,25.29904306220096,0.0,0.004990352778637955,0.009835752482811306
kelantan,primary,female,2020,418,83601,10523,7.944597548227692,200.0023923444976,25.17464114832536,0.0,-0.009243787108472287,-0.00491725768321513
kelantan,primary,female,2021,418,83996,10455,8.03405069344811,200.94736842105263,25.01196172248804,0.0,0.004724823865743233,-0.006462035541195477
kelantan,primary,female,2022,418,84365,10663,7.911938478852106,201.83014354066987,25.50956937799043,0.0,0.004393066336492214,0.01989478718316595
kelantan,primary,male,2017,418,87856,5895,14.903477523324852,210.1818181818182,14.102870813397129,,,
kelantan,primary,male,2018,418,87444,5822,15.019580900034352,209.19617224880383,13.92822966507177,0.0,-0.0046894918958295395,-0.012383375742154368
kelantan,primary,male,2019,418,87652,5783,15.156839010894,209.6937799043062,13.834928229665072,0.0,0.0023786652028726955,-0.006698728959120577
kelantan,primary,male,2020,418,87073,5720,15.222552447552447,208.30861244019138,13.68421052631579,0.0,-0.0066056678683886275,-0.01089399965415874
kelantan,primary,male,2021,418,87567,5614,15.597969362308515,209.49043062200957,13.430622009569378,0.0,0.005673400480056964,-0.01853146853146853
kelantan,primary,male,2022,418,87780,5701,15.39729871952289,210.0,13.638755980861244,0.0,0.002432423173113159,0.0154969718560741
kelantan,secondary_lower,female,2017,175,67273,7766,8.662503219160444,384.41714285714284,44.37714285714286,,,
kelantan,secondary_lower,female,2018,177,58877,7979,7.378994861511468,332.638418079096,45.07909604519774,0.011428571428571429,-0.12480489943959687,0.027427246973989183
kelantan,secondary_lower,female,2019,177,63154,8046,7.849117573949789,356.8022598870057,45.45762711864407,0.0,0.07264296754250386,0.008397042235869156
kelantan,secondary_lower,female,2020,177,55518,8056,6.8915094339622645,313.66101694915255,45.51412429378531,0.0,-0.12091078949868575,0.0012428535918468805
kelantan,secondary_lower,female,2021,178,55989,7965,7.029378531073446,314.5449438202247,44.747191011235955,0.005649717514124294,0.008483735004863288,-0.011295928500496525
kelantan,secondary_lower,female,2022,178,56799,8243,6.890573820211088,319.09550561797755,46.30898876404494,0.0,0.01446712747146761,0.03490269930947897
kelantan,secondary_lower,male,2017,175,63099,4907,12.85897697167312,360.5657142857143,28.04,,,
kelantan,secondary_lower,male,2018,177,56843,4813,11.810305422813213,321.14689265536725,27.192090395480225,0.011428571428571429,-0.09914578677950522,-0.01915630731607907
kelantan,secondary_lower,male,2019,177,58448,4778,12.232733361239012,330.2146892655367,26.994350282485875,0.0,0.02823566666080256,-0.007271971743195512
kelantan,secondary_lower,male,2020,177,53968,4629,11.658673579606827,304.9039548022599,26.152542372881356,0.0,-0.07664932931836846,-0.03118459606529929
kelantan,secondary_lower,male,2021,178,55084,4435,12.420293122886132,309.46067415730334,24.915730337078653,0.005649717514124294,0.020678920841980433,-0.04190969971916181
kelantan,secondary_lower,male,2022,178,56530,4366,12.947778286761338,317.5842696629214,24.528089887640448,0.0,0.026250816934136955,-0.015558060879368658
kelantan,secondary_upper,female,2017,175,67273,7766,8.662503219160444,384.41714285714284,44.37714285714286,,,
kelantan,secondary_upper,female,2018,177,58877,7979,7.378994861511468,332.638418079096,45.07909604519774,0.011428571428571429,-0.12480489943959687,0.027427246973989183
kelantan,secondary_upper,female,2019,177,63154,8046,7.849117573949789,356.8022598870057,45.45762711864407,0.0,0.07264296754250386,0.008397042235869156
kelantan,secondary_upper,female,2020,177,55518,8056,6.8915094339622645,313.66101694915255,45.51412429378531,0.0,-0.12091078949868575,0.0012428535918468805
kelantan,secondary_upper,female,2021,178,55989,7965,7.029378531073446,314.5449438202247,44.747191011235955,0.005649717514124294,0.008483735004863288,-0.011295928500496525
kelantan,secondary_upper,female,2022,178,56799,8243,6.890573820211088,319.09550561797755,46.30898876404494,0.0,0.01446712747146761,0.03490269930947897
kelantan,secondary_upper,male,2017,175,63099,4907,12.85897697167312,360.5657142857143,28.04,,,
kelantan,secondary_upper,male,2018,177,56843,4813,11.810305422813213,321.14689265536725,27.192090395480225,0.011428571428571429,-0.09914578677950522,-0.01915630731607907
kelantan,secondary_upper,male,2019,177,58448,4778,12.232733361239012,330.2146892655367,26.994350282485875,0.0,0.02823566666080256,-0.007271971743195512
kelantan,secondary_upper,male,2020,177,53968,4629,11.658673579606827,304.9039548022599,26.152542372881356,0.0,-0.07664932931836846,-0.03118459606529929
kelantan,secondary_upper,male,2021,178,55084,4435,12.420293122886132,309.46067415730334,24.915730337078653,0.005649717514124294,0.020678920841980433,-0.04190969971916181
kelantan,secondary_upper,male,2022,178,56530,4366,12.947778286761338,317.5842696629214,24.528089887640448,0.0,0.026250816934136955,-0.015558060879368658
melaka,primary,female,2017,237,39515,5647,6.997520807508412,166.72995780590716,23.827004219409282,,,
melaka,primary,female,2018,237,39955,5904,6.767445799457994,168.58649789029536,24.911392405063292,0.0,0.011135012020751614,0.04551089073844519
melaka,primary,female,2019,238,40810,5788,7.050794747753974,171.47058823529412,24.319327731092436,0.004219409282700422,0.02139907395820298,-0.01964769647696477
melaka,primary,female,2020,238,41094,5839,7.037848946737455,172.6638655462185,24.53361344537815,0.0,0.006959078657191865,0.008811333794056669
melaka,primary,female,2021,238,41478,5791,7.162493524434467,174.27731092436974,24.331932773109244,0.0,0.009344429843772813,-0.008220585716732317
melaka,primary,female,2022,238,41858,5852,7.152768284347232,175.87394957983193,24.58823529411765,0.0,0.009161483195911086,0.01053358659989639
melaka,primary,male,2017,237,41571,1880,22.11223404255319,175.40506329113924,7.932489451476793,,,
melaka,primary,male,2018,237,42159,1930,21.8440414507772,177.8860759493671,8.143459915611814,0.0,0.014144475716244498,0.026595744680851064
melaka,primary,male,2019,238,42824,1901,22.527091004734352,179.9327731092437,7.987394957983193,0.004219409282700422,0.01577361891885481,-0.015025906735751295
melaka,primary,male,2020,238,43080,1955,22.035805626598467,181.00840336134453,8.214285714285714,0.0,0.005977956286194657,0.028406102051551814
melaka,primary,male,2021,238,43955,1950,22.54102564102564,184.68487394957984,8.193277310924369,0.0,0.02031104921077066,-0.0025575447570332483
melaka,primary,male,2022,238,44411,1990,22.317085427135677,186.60084033613447,8.361344537815127,0.0,0.010374246388351724,0.020512820512820513
melaka,secondary_lower,female,2017,77,34483,4339,7.947222862410694,447.83116883116884,56.35064935064935,,,
melaka,secondary_lower,female,2018,77,31069,4410,7.045124716553288,403.4935064935065,57.27272727272727,0.0,-0.09900530696285126,0.0163632173311823
melaka,secondary_lower,female,2019,77,30612,4400,6.957272727272727,397.5584415584416,57.142857142857146,0.0,-0.014709195661270076,-0.0022675736961451248
melaka,secondary_lower,female,2020,77,30528,4396,6.94449499545041,396.46753246753246,57.09090909090909,0.0,-0.0027440219521756176,-0.0009090909090909091
melaka,secondary_lower,female,2021,77,30982,4304,7.198420074349443,402.3636363636364,55.896103896103895,0.0,0.014871593291404613,-0.020928116469517744
melaka,secondary_lower,female,2022,78,30906,4439,6.962378914169858,396.2307692307692,56.91025641025641,0.012987012987012988,-0.002453037247433994,0.03136617100371747
melaka,secondary_lower,male,2017,77,33760,1837,18.377789874795862,438.4415584415584,23.857142857142858,,,
melaka,secondary_lower,male,2018,77,31114,1791,17.372417643774426,404.0779220779221,23.25974025974026,0.0,-0.07837677725118483,-0.025040827436037017
melaka,secondary_lower,male,2019,77,30645,1768,17.33314479638009,397.987012987013,22.961038961038962,0.0,-0.015073600308542778,-0.012841987716359575
melaka,secondary_lower,male,2020,77,30851,1735,17.78155619596542,400.6623376623377,22.532467532467532,0.0,0.006722140642845488,-0.018665158371040724
melaka,secondary_lower,male,2021,77,31349,1663,18.850871918220083,407.12987012987014,21.5974025974026,0.0,0.016142102362970406,-0.0414985590778098
melaka,secondary_lower,male,2022,78,31479,1654,19.03204353083434,403.5769230769231,21.205128205128204,0.012987012987012988,0.0041468627388433444,-0.005411906193625977
melaka,secondary_upper,female,2017,77,34483,4339,7.947222862410694,447.83116883116884,56.35064935064935,,,
melaka,secondary_upper,female,2018,77,31069,4410,7.045124716553288,403.4935064935065,57.27272727272727,0.0,-0.09900530696285126,0.0163632173311823
melaka,secondary_upper,female,2019,77,30612,4400,6.957272727272727,397.5584415584416,57.142857142857146,0.0,-0.014709195661270076,-0.0022675736961451248
melaka,secondary_upper,female,2020,77,30528,4396,6.94449499545041,396.46753246753246,57.09090909090909,0.0,-0.0027440219521756176,-0.0009090909090909091
melaka,secondary_upper,female,2021,77,30982,4304,7.198420074349443,402.3636363636364,55.896103896103895,0.0,0.014871593291404613,-0.020928116469517744
melaka,secondary_upper,female,2022,78,30906,4439,6.962378914169858,396.2307692307692,56.91025641025641,0.012987012987012988,-0.002453037247433994,0.03136617100371747
melaka,secondary_upper,male,2017,77,33760,1837,18.377789874795862,438.4415584415584,23.857142857142858,,,
melaka,secondary_upper,male,2018,77,31114,1791,17.372417643774426,404.0779220779221,23.25974025974026,0.0,-0.07837677725118483,-0.025040827436037017
melaka,secondary_upper,male,2019,77,30645,1768,17.33314479638009,397.987012987013,22.961038961038962,0.0,-0.015073600308542778,-0.012841987716359575
melaka,secondary_upper,male,2020,77,30851,1735,17.78155619596542,400.6623376623377,22.532467532467532,0.0,0.006722140642845488,-0.018665158371040724
melaka,secondary_upper,male,2021,77,31349,1663,18.850871918220083,407.12987012987014,21.5974025974026,0.0,0.016142102362970406,-0.0414985590778098
melaka,secondary_upper,male,2022,78,31479,1654,19.03204353083434,403.5769230769231,21.205128205128204,0.012987012987012988,0.0041468627388433444,-0.005411906193625977
negeri sembilan,primary,female,2017,350,49674,7144,6.953247480403135,141.9257142857143,20.411428571428573,,,
negeri sembilan,primary,female,2018,350,50054,7334,6.824925006817562,143.01142857142858,20.954285714285714,0.0,0.007649877199339695,0.026595744680851064
negeri sembilan,primary,female,2019,350,50954,7249,7.0291074630983585,145.58285714285714,20.71142857142857,0.0,0.017980580972549648,-0.011589855467684755
negeri sembilan,primary,female,2020,352,51250,7261,7.058256438507093,145.5965909090909,20.62784090909091,0.005714285714285714,0.005809161204223417,0.0016554007449303353
negeri sembilan,primary,female,2021,352,52223,7279,7.174474515730183,148.36079545454547,20.678977272727273,0.0,0.018985365853658537,0.00247899738328054
negeri sembilan,primary,female,2022,353,52736,7313,7.211267605633803,149.39376770538243,20.71671388101983,0.002840909090909091,0.009823257951477319,0.004670971287264734
negeri sembilan,primary,male,2017,350,52117,2351,22.168013611229263,148.90571428571428,6.717142857142857,,,
negeri sembilan,primary,male,2018,350,52485,2299,22.8294910830796,149.95714285714286,6.5685714285714285,0.0,0.007061035746493466,-0.02211824755423224
negeri sembilan,primary,male,2019,350,53375,2272,23.492517605633804,152.5,6.491428571428571,0.0,0.016957225874059255,-0.0117442366246194
negeri sembilan,primary,male,2020,352,53946,2321,23.242567858681603,153.2556818181818,6.59375,0.005714285714285714,0.010697892271662764,0.021566901408450703
negeri sembilan,primary,male,2021,352,55378,2304,24.03559027777778,157.32386363636363,6.545454545454546,0.0,0.02654506358210062,-0.007324429125376993
negeri sembilan,primary,male,2022,353,56120,2307,24.32596445600347,158.9801699716714,6.5354107648725215,0.002840909090909091,0.013398822637148327,0.0013020833333333333
negeri sembilan,secondary_lower,female,2017,125,44678,5856,7.629439890710382,357.424,46.848,,,
negeri sembilan,secondary_lower,female,2018,125,40683,5927,6.864012147798212,325.464,47.416,0.0,-0.08941761045704821,0.01212431693989071
negeri sembilan,secondary_lower,female,2019,125,40098,5901,6.795119471276055,320.784,47.208,0.0,-0.014379470540520611,-0.00438670490973511
negeri sembilan,secondary_lower,female,2020,125,40237,5851,6.876944112117587,321.896,46.808,0.0,0.003466507057708614,-0.00847314014573801
negeri sembilan,secondary_lower,female,2021,125,40726,5726,7.112469437652812,325.808,45.808,0.0,0.01215299351343291,-0.02136386942403008
negeri sembilan,secondary_lower,female,2022,126,41088,5928,6.931174089068826,326.0952380952381,47.04761904761905,0.008,0.008888670628099985,0.035277680754453374
negeri sembilan,secondary_lower,male,2017,125,44050,2168,20.318265682656826,352.4,17.344,,,
negeri sembilan,secondary_lower,male,2018,125,40712,2177,18.70096463022508,325.696,17.416,0.0,-0.07577752553916005,0.004151291512915129
negeri sembilan,secondary_lower,male,2019,125,40180,2172,18.499079189686924,321.44,17.376,0.0,-0.013067400275103164,-0.0022967386311437757
negeri sembilan,secondary_lower,male,2020,125,40826,2116,19.293950850661627,326.608,16.928,0.0,0.016077650572424093,-0.02578268876611418
negeri sembilan,secondary_lower,male,2021,125,41900,2059,20.349684312773192,335.2,16.472,0.0,0.0263067652966247,-0.026937618147448016
negeri sembilan,secondary_lower,male,2022,126,42483,2059,20.63283147158815,337.1666666666667,16.341269841269842,0.008,0.013914081145584725,0.0
negeri sembilan,secondary_upper,female,2017,125,44678,5856,7.629439890710382,357.424,46.848,,,
negeri sembilan,secondary_upper,female,2018,125,40683,5927,6.864012147798212,325.464,47.416,0.0,-0.08941761045704821,0.01212431693989071
negeri sembilan,secondary_upper,female,2019,125,40098,5901,6.795119471276055,320.784,47.208,0.0,-0.014379470540520611,-0.00438670490973511
negeri sembilan,secondary_upper,female,2020,125,40237,5851,6.876944112117587,321.896,46.808,0.0,0.003466507057708614,-0.00847314014573801
negeri sembilan,secondary_upper,female,2021,125,40726,5726,7.112469437652812,325.808,45.808,0.0,0.01215299351343291,-0.02136386942403008
negeri sembilan,secondary_upper,female,2022,126,41088,5928,6.931174089068826,326.0952380952381,47.04761904761905,0.008,0.008888670628099985,0.035277680754453374
negeri sembilan,secondary_upper,male,2017,125,44050,2168,20.318265682656826,352.4,17.344,,,
negeri sembilan,secondary_upper,male,2018,125,40712,2177,18.70096463022508,325.696,17.416,0.0,-0.07577752553916005,0.004151291512915129
negeri sembilan,secondary_upper,male,2019,125,40180,2172,18.499079189686924,321.44,17.376,0.0,-0.013067400275103164,-0.0022967386311437757
negeri sembilan,secondary_upper,male,2020,125,40826,2116,19.293950850661627,326.608,16.928,0.0,0.016077650572424093,-0.02578268876611418
negeri sembilan,secondary_upper,male,2021,125,41900,2059,20.349684312773192,335.2,16.472,0.0,0.0263067652966247,-0.026937618147448016
negeri sembilan,secondary_upper,male,2022,126,42483,2059,20.63283147158815,337.1666666666667,16.341269841269842,0.008,0.013914081145584725,0.0
pahang,primary,female,2017,541,70786,9336,7.5820479862896315,130.84288354898337,17.256931608133087,,,
pahang,primary,female,2018,541,70922,10161,6.979824820391694,131.09426987061,18.7818853974122,0.0,0.001921283869691747,0.08836760925449871
pahang,primary,female,2019,542,71636,10010,7.1564435564435565,132.16974169741698,18.468634686346864,0.0018484288354898336,0.010067397986520402,-0.014860742052947545
pahang,primary,female,2020,543,72013,9967,7.225142971806963,132.62062615101289,18.355432780847146,0.0018450184501845018,0.005262717069629795,-0.004295704295704296
pahang,primary,female,2021,543,73551,9910,7.421897073662967,135.45303867403314,18.250460405156538,0.0,0.021357254940080263,-0.005718872278519113
pahang,primary,female,2022,543,74146,10047,7.379914402309147,136.548802946593,18.502762430939228,0.0,0.00808962488613343,0.013824419778002018
pahang,primary,male,2017,541,74331,4517,16.455833517821564,137.39556377079484,8.34935304990758,,,
pahang,primary,male,2018,541,74776,4563,16.387464387464387,138.2181146025878,8.434380776340111,0.0,0.005986735009619136,0.010183750276732344
pahang,primary,male,2019,542,75044,4480,16.75089285714286,138.45756457564576,8.265682656826568,0.0018484288354898336,0.0035840376591419706,-0.01818978742055665
pahang,primary,male,2020,543,75751,4489,16.8748050790822,139.50460405156537,8.267034990791897,0.0018450184501845018,0.009421139598102446,0.0020089285714285712
pahang,primary,male,2021,543,77120,4430,17.408577878103838,142.02578268876613,8.158379373848987,0.0,0.018072368681601562,-0.013143239028736913
pahang,primary,male,2022,543,77478,4432,17.48149819494585,142.68508287292818,8.16206261510129,0.0,0.004642116182572614,0.0004514672686230248
pahang,secondary_lower,female,2017,196,54647,7558,7.230351944958984,278.8112244897959,38.56122448979592,,,
pahang,secondary_lower,female,2018,197,48764,7727,6.310858030283422,247.53299492385787,39.223350253807105,0.00510204081632653,-0.10765458305121965,0.022360412807621063
pahang,secondary_lower,female,2019,198,48001,7711,6.225003242121645,242.42929292929293,38.94444444444444,0.005076142131979695,-0.015646788614551717,-0.0020706613174582634
pahang,secondary_lower,female,2020,198,48071,7747,6.205111656124951,242.7828282828283,39.12626262626262,0.0,0.001458302952021833,0.0046686551679419016
pahang,secondary_lower,female,2021,198,48922,7659,6.387517952735344,247.08080808080808,38.68181818181818,0.0,0.017702981007260095,-0.011359235833225765
pahang,secondary_lower,female,2022,198,49982,8035,6.220535158680772,252.43434343434345,40.58080808080808,0.0,0.021667143616368914,0.049092570831701265
pahang,secondary_lower,male,2017,196,54226,3759,14.42564511838255,276.66326530612247,19.178571428571427,,,
pahang,secondary_lower,male,2018,197,49719,3785,13.135799207397623,252.38071065989848,19.21319796954315,0.00510204081632653,-0.083115110832442,0.006916733173716414
pahang,secondary_lower,male,2019,198,48725,3737,13.03853358308804,246.08585858585857,18.873737373737374,0.005076142131979695,-0.0199923570466019,-0.012681638044914135
pahang,secondary_lower,male,2020,198,48937,3622,13.511043622308117,247.15656565656565,18.292929292929294,0.0,0.00435094920472037,-0.030773347605030775
pahang,secondary_lower,male,2021,198,50437,3519,14.332764990053992,254.73232323232324,17.772727272727273,0.0,0.030651654167603244,-0.028437327443401435
pahang,secondary_lower,male,2022,198,51841,3527,14.698327190246669,261.82323232323233,17.81313131313131,0.0,0.027836707179253326,0.002273373117362887
pahang,secondary_upper,female,2017,196,54647,7558,7.230351944958984,278.8112244897959,38.56122448979592,,,
pahang,secondary_upper,female,2018,197,48764,7727,6.310858030283422,247.53299492385787,39.223350253807105,0.00510204081632653,-0.10765458305121965,0.022360412807621063
pahang,secondary_upper,female,2019,198,48001,7711,6.225003242121645,242.42929292929293,38.94444444444444,0.005076142131979695,-0.015646788614551717,-0.0020706613174582634
pahang,secondary_upper,female,2020,198,48071,7747,6.205111656124951,242.7828282828283,39.12626262626262,0.0,0.001458302952021833,0.0046686551679419016
pahang,secondary_upper,female,2021,198,48922,7659,6.387517952735344,247.08080808080808,38.68181818181818,0.0,0.017702981007260095,-0.011359235833225765
pahang,secondary_upper,female,2022,198,49982,8035,6.220535158680772,252.43434343434345,40.58080808080808,0.0,0.021667143616368914,0.049092570831701265
pahang,secondary_upper,male,2017,196,54226,3759,14.42564511838255,276.66326530612247,19.178571428571427,,,
pahang,secondary_upper,male,2018,197,49719,3785,13.135799207397623,252.38071065989848,19.21319796954315,0.00510204081632653,-0.083115110832442,0.006916733173716414
pahang,secondary_upper,male,2019,198,48725,3737,13.03853358308804,246.08585858585857,18.873737373737374,0.005076142131979695,-0.0199923570466019,-0.012681638044914135
pahang,secondary_upper,male,2020,198,48937,3622,13.511043622308117,247.15656565656565,18.292929292929294,0.0,0.00435094920472037,-0.030773347605030775
pahang,secondary_upper,male,2021,198,50437,3519,14.332764990053992,254.73232323232324,17.772727272727273,0.0,0.030651654167603244,-0.028437327443401435
pahang,secondary_upper,male,2022,198,51841,3527,14.698327190246669,261.82323232323233,17.81313131313131,0.0,0.027836707179253326,0.002273373117362887
perak,primary,female,2017,852,98210,14979,6.556512450764403,115.2699530516432,17.580985915492956,,,
perak,primary,female,2018,852,97647,15480,6.3079457364341085,114.60915492957747,18.169014084507044,0.0,-0.005732613786783423,0.03344682555577809
perak,primary,female,2019,852,98190,15043,6.52728843980589,115.24647887323944,17.656103286384976,0.0,0.00556084672340164,-0.028229974160206717
perak,primary,female,2020,852,97444,14994,6.498866213151928,114.37089201877934,17.598591549295776,0.0,-0.007597515021896323,-0.003257328990228013
perak,primary,female,2021,852,97663,14767,6.613597887180877,114.62793427230046,17.332159624413144,0.0,0.0022474446861787283,-0.01513938908896892
perak,primary,female,2022,852,97401,14964,6.509021651964716,114.32042253521126,17.56338028169014,0.0,-0.002682694572151173,0.013340556646576827
perak,primary,male,2017,852,102907,5964,17.254694835680752,120.78286384976526,7.0,,,
perak,primary,male,2018,852,102982,5922,17.389733198243835,120.87089201877934,6.950704225352113,0.0,0.0007288133946184419,-0.007042253521126761
perak,primary,male,2019,852,103598,5840,17.739383561643837,121.59389671361502,6.854460093896714,0.0,0.00598162785729545,-0.013846673421141506
perak,primary,male,2020,852,103170,5838,17.672147995889002,121.09154929577464,6.852112676056338,0.0,-0.0041313538871406786,-0.00034246575342465754
perak,primary,male,2021,852,103371,5744,17.99634401114206,121.3274647887324,6.741784037558685,0.0,0.001948240767665019,-0.016101404590613225
perak,primary,male,2022,852,103142,5866,17.583020797817934,121.05868544600939,6.884976525821596,0.0,-0.002215321511836008,0.021239554317548745
perak,secondary_lower,female,2017,248,93194,12141,7.67597397248991,375.78225806451616,48.95564516129032,,,
perak,secondary_lower,female,2018,250,81756,12209,6.69637152919977,327.024,48.836,0.008064516129032258,-0.12273322316887353,0.005600856601597892
perak,secondary_lower,female,2019,250,79185,12125,6.530721649484536,316.74,48.5,0.0,-0.03144723323058858,-0.006880170366123352
perak,secondary_lower,female,2020,250,77945,12032,6.478141622340425,311.78,48.128,0.0,-0.015659531476921135,-0.007670103092783505
perak,secondary_lower,female,2021,250,78245,11815,6.62251375370292,312.98,47.26,0.0,0.003848867791391366,-0.018035239361702128
perak,secondary_lower,female,2022,253,78952,12156,6.494899638038828,312.0632411067194,48.047430830039524,0.012,0.009035721132340725,0.028861616589081675
perak,secondary_lower,male,2017,248,90662,5817,15.585697094722365,365.5725806451613,23.455645161290324,,,
perak,secondary_lower,male,2018,250,81205,5680,14.296654929577464,324.82,22.72,0.008064516129032258,-0.10431051598244027,-0.023551658930720303
perak,secondary_lower,male,2019,250,79209,5512,14.370283018867925,316.836,22.048,0.0,-0.024579767255710854,-0.029577464788732393
perak,secondary_lower,male,2020,250,78969,5355,14.746778711484593,315.876,21.42,0.0,-0.0030299587168124836,-0.028483309143686502
perak,secondary_lower,male,2021,250,80497,5124,15.709797033567526,321.988,20.496,0.0,0.019349364940672922,-0.043137254901960784
perak,secondary_lower,male,2022,253,81435,5177,15.730152598029747,321.87747035573125,20.462450592885375,0.012,0.011652608171733109,0.010343481654957064
perak,secondary_upper,female,2017,248,93194,12141,7.67597397248991,375.78225806451616,48.95564516129032,,,
perak,secondary_upper,female,2018,250,81756,12209,6.69637152919977,327.024,48.836,0.008064516129032258,-0.12273322316887353,0.005600856601597892
perak,secondary_upper,female,2019,250,79185,12125,6.530721649484536,316.74,48.5,0.0,-0.03144723323058858,-0.006880170366123352
perak,secondary_upper,female,2020,250,77945,12032,6.478141622340425,311.78,48.128,0.0,-0.015659531476921135,-0.007670103092783505
perak,secondary_upper,female,2021,250,78245,11815,6.62251375370292,312.98,47.26,0.0,0.003848867791391366,-0.018035239361702128
perak,secondary_upper,female,2022,253,78952,12156,6.494899638038828,312.0632411067194,48.047430830039524,0.012,0.009035721132340725,0.028861616589081675
perak,secondary_upper,male,2017,248,90662,5817,15.585697094722365,365.5725806451613,23.455645161290324,,,
perak,secondary_upper,male,2018,250,81205,5680,14.296654929577464,324.82,22.72,0.008064516129032258,-0.10431051598244027,-0.023551658930720303
perak,secondary_upper,male,2019,250,79209,5512,14.370283018867925,316.836,22.048,0.0,-0.024579767255710854,-0.029577464788732393
perak,secondary_upper,male,2020,250,78969,5355,14.746778711484593,315.876,21.42,0.0,-0.0030299587168124836,-0.028483309143686502
perak,secondary_upper,male,2021,250,80497,5124,15.709797033567526,321.988,20.496,0.0,0.019349364940672922,-0.043137254901960784
perak,secondary_upper,male,2022,253,81435,5177,15.730152598029747,321.87747035573125,20.462450592885375,0.012,0.011652608171733109,0.010343481654957064
perlis,primary,female,2017,74,23065,1597,14.44270507201002,311.68918918918916,21.58108108108108,,,
perlis,primary,female,2018,74,11266,1688,6.674170616113744,152.24324324324326,22.81081081081081,0.0,-0.5115543030565792,0.056981840951784594
perlis,primary,female,2019,74,11452,1672,6.849282296650718,154.75675675675674,22.594594594594593,0.0,0.016509852654003194,-0.009478672985781991
perlis,primary,female,2020,74,11462,1684,6.806413301662708,154.8918918918919,22.756756756756758,0.0,0.0008732099196646874,0.007177033492822967
perlis,primary,female,2021,74,11692,1689,6.922439313203078,158.0,22.824324324324323,0.0,0.02006630605478974,0.0029691211401425177
perlis,primary,female,2022,74,11702,1699,6.8875809299588,158.13513513513513,22.95945945945946,0.0,0.0008552856654122477,0.005920663114268798
perlis,primary,male,2017,74,11181,730,15.316438356164383,151.09459459459458,9.864864864864865,,,
perlis,primary,male,2018,74,11982,707,16.947666195190948,161.9189189189189,9.554054054054054,0.0,0.07163938824792059,-0.031506849315068496
perlis,primary,male,2019,74,12198,705,17.302127659574467,164.83783783783784,9.527027027027026,0.0,0.018027040560841263,-0.002828854314002829
perlis,primary,male,2020,74,12267,709,17.301833568406206,165.77027027027026,9.58108108108108,0.0,0.005656665027053615,0.005673758865248227
perlis,primary,male,2021,74,12483,705,17.706382978723404,168.6891891891892,9.527027027027026,0.0,0.01760821716801174,-0.005641748942172073
perlis,primary,male,2022,74,12551,713,17.603085553997197,169.6081081081081,9.635135135135135,0.0,0.005447408475526716,0.011347517730496455
perlis,secondary_lower,female,2017,30,10700,1482,7.219973009446694,356.6666666666667,49.4,,,
perlis,secondary_lower,female,2018,30,9358,1525,6.136393442622951,311.93333333333334,50.833333333333336,0.0,-0.12542056074766356,0.029014844804318488
perlis,secondary_lower,female,2019,30,9090,1536,5.91796875,303.0,51.2,0.0,-0.028638597991023723,0.007213114754098361
perlis,secondary_lower,female,2020,30,9007,1527,5.898493778650949,300.23333333333335,50.9,0.0,-0.009130913091309131,-0.005859375
perlis,secondary_lower,female,2021,30,9147,1491,6.134808853118712,304.9,49.7,0.0,0.01554346619296103,-0.023575638506876228
perlis,secondary_lower,female,2022,30,9339,1522,6.136005256241787,311.3,50.733333333333334,0.0,0.020990488684814693,0.02079141515761234
perlis,secondary_lower,male,2017,30,10501,829,12.667068757539203,350.03333333333336,27.633333333333333,,,
perlis,secondary_lower,male,2018,30,9140,828,11.03864734299517,304.6666666666667,27.6,0.0,-0.12960670412341682,-0.0012062726176115801
perlis,secondary_lower,male,2019,30,8897,814,10.92997542997543,296.56666666666666,27.133333333333333,0.0,-0.026586433260393873,-0.016908212560386472
perlis,secondary_lower,male,2020,30,9008,803,11.217932752179328,300.26666666666665,26.766666666666666,0.0,0.012476115544565585,-0.013513513513513514
perlis,secondary_lower,male,2021,30,9447,770,12.268831168831168,314.9,25.666666666666668,0.0,0.04873445825932504,-0.0410958904109589
perlis,secondary_lower,male,2022,30,9776,760,12.863157894736842,325.8666666666667,25.333333333333332,0.0,0.03482587064676617,-0.012987012987012988
perlis,secondary_upper,female,2017,30,10700,1482,7.219973009446694,356.6666666666667,49.4,,,
perlis,secondary_upper,female,2018,30,9358,1525,6.136393442622951,311.93333333333334,50.833333333333336,0.0,-0.12542056074766356,0.029014844804318488
perlis,secondary_upper,female,2019,30,9090,1536,5.91796875,303.0,51.2,0.0,-0.028638597991023723,0.007213114754098361
perlis,secondary_upper,female,2020,30,9007,1527,5.898493778650949,300.23333333333335,50.9,0.0,-0.009130913091309131,-0.005859375
perlis,secondary_upper,female,2021,30,9147,1491,6.134808853118712,304.9,49.7,0.0,0.01554346619296103,-0.023575638506876228
perlis,secondary_upper,female,2022,30,9339,1522,6.136005256241787,311.3,50.733333333333334,0.0,0.020990488684814693,0.02079141515761234
perlis,secondary_upper,male,2017,30,10501,829,12.667068757539203,350.03333333333336,27.633333333333333,,,
perlis,secondary_upper,male,2018,30,9140,828,11.03864734299517,304.6666666666667,27.6,0.0,-0.12960670412341682,-0.0012062726176115801
perlis,secondary_upper,male,2019,30,8897,814,10.92997542997543,296.56666666666666,27.133333333333333,0.0,-0.026586433260393873,-0.016908212560386472
perlis,secondary_upper,male,2020,30,9008,803,11.217932752179328,300.26666666666665,26.766666666666666,0.0,0.012476115544565585,-0.013513513513513514
perlis,secondary_upper,male,2021,30,9447,770,12.268831168831168,314.9,25.666666666666668,0.0,0.04873445825932504,-0.0410958904109589
perlis,secondary_upper,male,2022,30,9776,760,12.863157894736842,325.8666666666667,25.333333333333332,0.0,0.03482587064676617,-0.012987012987012988
pulau pinang,primary,female,2017,271,63447,8177,7.759202641555583,234.12177121771217,30.173431734317344,,,
pulau pinang,primary,female,2018,271,63243,8492,7.447362223268959,233.3690036900369,31.33579335793358,0.0,-0.0032152820464324554,0.03852268558150911
pulau pinang,primary,female,2019,271,64169,8279,7.750815315859404,236.7859778597786,30.54981549815498,0.0,0.014641936657021331,-0.02508243052284503
pulau pinang,primary,female,2020,271,63767,8253,7.7265236883557495,235.30258302583024,30.45387453874539,0.0,-0.006264707257398432,-0.003140475902886822
pulau pinang,primary,female,2021,271,63760,8145,7.828115408225906,235.27675276752768,30.055350553505534,0.0,-0.00010977464832907303,-0.013086150490730643
pulau pinang,primary,female,2022,270,63249,8229,7.686110098432374,234.25555555555556,30.477777777777778,-0.0036900369003690036,-0.008014429109159348,0.010313075506445672
pulau pinang,primary,male,2017,271,67008,2427,27.60939431396786,247.2619926199262,8.955719557195572,,,
pulau pinang,primary,male,2018,271,66947,2394,27.96449456975773,247.0369003690037,8.833948339483396,0.0,-0.0009103390639923591,-0.013597033374536464
pulau pinang,primary,male,2019,271,67406,2364,28.513536379018614,248.73062730627305,8.723247232472325,0.0,0.006856169805965913,-0.012531328320802004
pulau pinang,primary,male,2020,271,66946,2392,27.987458193979933,247.03321033210332,8.826568265682656,0.0,-0.006824318309942735,0.011844331641285956
pulau pinang,primary,male,2021,271,66655,2360,28.24364406779661,245.95940959409594,8.708487084870848,0.0,-0.004346786962626595,-0.013377926421404682
pulau pinang,primary,male,2022,270,66349,2424,27.371699669966997,245.73703703703703,8.977777777777778,-0.0036900369003690036,-0.004590803390593354,0.02711864406779661
pulau pinang,secondary_lower,female,2017,127,56119,7098,7.906311637080868,441.88188976377955,55.889763779527556,,,
pulau pinang,secondary_lower,female,2018,128,50471,7101,7.107590480214054,394.3046875,55.4765625,0.007874015748031496,-0.10064327589586415,0.00042265426880811494
pulau pinang,secondary_lower,female,2019,128,48899,7061,6.925223056224331,382.0234375,55.1640625,0.0,-0.031146599037070795,-0.005633009435290804
pulau pinang,secondary_lower,female,2020,128,48542,6956,6.978435882691202,379.234375,54.34375,0.0,-0.00730076279678521,-0.014870414955388754
pulau pinang,secondary_lower,female,2021,129,48628,6794,7.157491904621725,376.9612403100775,52.666666666666664,0.0078125,0.001771661653825553,-0.023289246693502012
pulau pinang,secondary_lower,female,2022,128,48416,6874,7.043351760256037,378.25,53.703125,-0.007751937984496124,-0.0043596281977461545,0.011775095672652341
pulau pinang,secondary_lower,male,2017,127,54986,2449,22.452429563086973,432.96062992125985,19.283464566929133,,,
pulau pinang,secondary_lower,male,2018,128,50127,2395,20.929853862212944,391.6171875,18.7109375,0.007874015748031496,-0.08836794820499763,-0.022049816251531237
pulau pinang,secondary_lower,male,2019,128,49481,2370,20.878059071729957,386.5703125,18.515625,0.0,-0.012887266343487542,-0.010438413361169102
pulau pinang,secondary_lower,male,2020,128,49178,2262,21.740937223695845,384.203125,17.671875,0.0,-0.006123562579575999,-0.04556962025316456
pulau pinang,secondary_lower,male,2021,129,49980,2188,22.842778793418645,387.4418604651163,16.96124031007752,0.0078125,0.01630810525031518,-0.032714412024756855
pulau pinang,secondary_lower,male,2022,128,50162,2152,23.309479553903344,391.890625,16.8125,-0.007751937984496124,0.0036414565826330533,-0.016453382084095063
pulau pinang,secondary_upper,female,2017,127,56119,7098,7.906311637080868,441.88188976377955,55.889763779527556,,,
pulau pinang,secondary_upper,female,2018,128,50471,7101,7.107590480214054,394.3046875,55.4765625,0.007874015748031496,-0.10064327589586415,0.00042265426880811494
pulau pinang,secondary_upper,female,2019,128,48899,7061,6.925223056224331,382.0234375,55.1640625,0.0,-0.031146599037070795,-0.005633009435290804
pulau pinang,secondary_upper,female,2020,128,48542,6956,6.978435882691202,379.234375,54.34375,0.0,-0.00730076279678521,-0.014870414955388754
pulau pinang,secondary_upper,female,2021,129,48628,6794,7.157491904621725,376.9612403100775,52.666666666666664,0.0078125,0.001771661653825553,-0.023289246693502012
pulau pinang,secondary_upper,female,2022,128,48416,6874,7.043351760256037,378.25,53.703125,-0.007751937984496124,-0.0043596281977461545,0.011775095672652341
pulau pinang,secondary_upper,male,2017,127,54986,2449,22.452429563086973,432.96062992125985,19.283464566929133,,,
pulau pinang,secondary_upper,male,2018,128,50127,2395,20.929853862212944,391.6171875,18.7109375,0.007874015748031496,-0.08836794820499763,-0.022049816251531237
pulau pinang,secondary_upper,male,2019,128,49481,2370,20.878059071729957,386.5703125,18.515625,0.0,-0.012887266343487542,-0.010438413361169102
pulau pinang,secondary_upper,male,2020,128,49178,2262,21.740937223695845,384.203125,17.671875,0.0,-0.006123562579575999,-0.04556962025316456
pulau pinang,secondary_upper,male,2021,129,49980,2188,22.842778793418645,387.4418604651163,16.96124031007752,0.0078125,0.01630810525031518,-0.032714412024756855
pulau pinang,secondary_upper,male,2022,128,50162,2152,23.309479553903344,391.890625,16.8125,-0.007751937984496124,0.0036414565826330533,-0.016453382084095063
sabah,primary,female,2017,1074,133041,14869,8.947541865626471,123.87430167597765,13.844506517690876,,,
sabah,primary,female,2018,1074,134831,16037,8.40749516742533,125.54096834264432,14.932029795158288,0.0,0.013454498989033456,0.07855269352343802
sabah,primary,female,2019,1074,137965,15892,8.681412031210671,128.45903165735567,14.797020484171322,0.0,0.02324391275003523,-0.009041591320072333
sabah,primary,female,2020,1075,140037,16499,8.487605309412691,130.26697674418605,15.347906976744186,0.000931098696461825,0.015018301743195739,0.038195318399194565
sabah,primary,female,2021,1075,141384,16573,8.530984130815181,131.52,15.416744186046511,0.0,0.009618886437155895,0.004485120310321838
sabah,primary,female,2022,1075,141423,16635,8.501532912533815,131.55627906976744,15.474418604651163,0.0,0.0002758445085723986,0.0037410245580160504
sabah,primary,male,2017,1074,140796,9954,14.144665461121157,131.0949720670391,9.268156424581006,,,
sabah,primary,male,2018,1074,142752,10086,14.15348007138608,132.91620111731842,9.391061452513966,0.0,0.013892440126139946,0.013261000602772756
sabah,primary,male,2019,1074,146301,9955,14.696233048719236,136.22067039106145,9.269087523277467,0.0,0.024861297915265635,-0.012988300614713464
sabah,primary,male,2020,1075,149491,10113,14.782062691585088,139.0613953488372,9.407441860465116,0.000931098696461825,0.02180436223949255,0.015871421396283274
sabah,primary,male,2021,1075,150804,9974,15.119711249248045,140.28279069767441,9.27813953488372,0.0,0.008783137446401456,-0.013744685058835162
sabah,primary,male,2022,1075,151118,9843,15.352839581428427,140.57488372093025,9.156279069767441,0.0,0.0020821728866608313,-0.013134148786845799
sabah,secondary_lower,female,2017,219,107372,9487,11.317803309792348,490.283105022831,43.31963470319635,,,
sabah,secondary_lower,female,2018,222,95234,9946,9.575105570078424,428.98198198198196,44.8018018018018,0.0136986301369863,-0.11304623179227359,0.04838199641614841
sabah,secondary_lower,female,2019,222,94616,10004,9.4578168732507,426.1981981981982,45.06306306306306,0.0,-0.006489279038998677,0.005831490046249749
sabah,secondary_lower,female,2020,222,95002,10204,9.310270482163856,427.93693693693695,45.96396396396396,0.0,0.004079648262450325,0.019992003198720514
sabah,secondary_lower,female,2021,221,98096,10036,9.77441211638103,443.87330316742083,45.411764705882355,-0.0045045045045045045,0.032567735416096505,-0.016464131713053703
sabah,secondary_lower,female,2022,221,100458,10616,9.462886209495101,454.56108597285066,48.036199095022624,0.0,0.02407845375958245,0.05779194898365883
sabah,secondary_lower,male,2017,219,102896,6175,16.66331983805668,469.8447488584475,28.19634703196347,,,
sabah,secondary_lower,male,2018,222,95508,6323,15.104855290210343,430.2162162162162,28.48198198198198,0.0136986301369863,-0.07180065308661172,0.02396761133603239
sabah,secondary_lower,male,2019,222,94793,6310,15.022662440570523,426.9954954954955,28.423423423423422,0.0,-0.007486283871508146,-0.002055986082555749
sabah,secondary_lower,male,2020,222,95598,6220,15.369453376205788,430.6216216216216,28.01801801801802,0.0,0.008492188241747809,-0.014263074484944533
sabah,secondary_lower,male,2021,221,100839,6042,16.689672293942404,456.28506787330315,27.339366515837103,-0.0045045045045045045,0.05482332266365405,-0.028617363344051447
sabah,secondary_lower,male,2022,221,104322,6083,17.14976163077429,472.0452488687783,27.524886877828056,0.0,0.03454020765775147,0.006785832505792784
sabah,secondary_upper,female,2017,219,107372,9487,11.317803309792348,490.283105022831,43.31963470319635,,,
sabah,secondary_upper,female,2018,222,95234,9946,9.575105570078424,428.98198198198196,44.8018018018018,0.0136986301369863,-0.11304623179227359,0.04838199641614841
sabah,secondary_upper,female,2019,222,94616,10004,9.4578168732507,426.1981981981982,45.06306306306306,0.0,-0.006489279038998677,0.005831490046249749
sabah,secondary_upper,female,2020,222,95002,10204,9.310270482163856,427.93693693693695,45.96396396396396,0.0,0.004079648262450325,0.019992003198720514
sabah,secondary_upper,female,2021,221,98096,10036,9.77441211638103,443.87330316742083,45.411764705882355,-0.0045045045045045045,0.032567735416096505,-0.016464131713053703
sabah,secondary_upper,female,2022,221,100458,10616,9.462886209495101,454.56108597285066,48.036199095022624,0.0,0.02407845375958245,0.05779194898365883
sabah,secondary_upper,male,2017,219,102896,6175,16.66331983805668,469.8447488584475,28.19634703196347,,,
sabah,secondary_upper,male,2018,222,95508,6323,15.104855290210343,430.2162162162162,28.48198198198198,0.0136986301369863,-0.07180065308661172,0.02396761133603239
sabah,secondary_upper,male,2019,222,94793,6310,15.022662440570523,426.9954954954955,28.423423423423422,0.0,-0.007486283871508146,-0.002055986082555749
sabah,secondary_upper,male,2020,222,95598,6220,15.369453376205788,430.6216216216216,28.01801801801802,0.0,0.008492188241747809,-0.014263074484944533
sabah,secondary_upper,male,2021,221,100839,6042,16.689672293942404,456.28506787330315,27.339366515837103,-0.0045045045045045045,0.05482332266365405,-0.028617363344051447
sabah,secondary_upper,male,2022,221,104322,6083,17.14976163077429,472.0452488687783,27.524886877828056,0.0,0.03454020765775147,0.006785832505792784
sarawak,primary,female,2017,1264,118569,15215,7.792901741702267,93.80458860759494,12.037183544303797,,,
sarawak,primary,female,2018,1265,118572,16270,7.287768899815611,93.73280632411067,12.861660079051383,0.0007911392405063291,2.5301723047339524e-05,0.06933946763062768
sarawak,primary,female,2019,1265,118348,16124,7.33986603820392,93.55573122529644,12.746245059288537,0.0,-0.001889147522180616,-0.008973570989551321
sarawak,primary,female,2020,1265,116944,16185,7.225455668829163,92.44584980237154,12.794466403162055,0.0,-0.01186331834927502,0.0037831803522699083
sarawak,primary,female,2021,1265,115678,16030,7.216344354335621,91.44505928853755,12.671936758893281,0.0,-0.010825694349432207,-0.009576768612913192
sarawak,primary,female,2022,1265,113656,15990,7.107942464040025,89.84664031620554,12.640316205533598,0.0,-0.017479555317346428,-0.002495321272613849
sarawak,primary,male,2017,1264,126854,9743,13.020014369290774,100.35917721518987,7.7080696202531644,,,
sarawak,primary,male,2018,1265,126369,9464,13.35259932375317,99.89644268774704,7.481422924901186,0.0007911392405063291,-0.0038232929194191747,-0.028635943754490405
sarawak,primary,male,2019,1265,126465,9268,13.645338800172636,99.97233201581028,7.3264822134387355,0.0,0.0007596799848064004,-0.020710059171597635
sarawak,primary,male,2020,1265,125314,9067,13.820888937906695,99.06245059288537,7.167588932806324,0.0,-0.009101332384454196,-0.021687526974536037
sarawak,primary,male,2021,1265,123695,8801,14.054652880354505,97.78260869565217,6.957312252964427,0.0,-0.012919546100196307,-0.029337156722179333
sarawak,primary,male,2022,1265,121663,8494,14.323404756298563,96.17628458498024,6.714624505928854,0.0,-0.016427503132705443,-0.03488239972730372
sarawak,secondary_lower,female,2017,190,103475,9739,10.624807475100113,544.6052631578947,51.257894736842104,,,
sarawak,secondary_lower,female,2018,192,92615,10127,9.145354004147329,482.3697916666667,52.744791666666664,0.010526315789473684,-0.1049528871708142,0.03983981928329397
sarawak,secondary_lower,female,2019,193,91421,10053,9.093902317716104,473.6839378238342,52.0880829015544,0.005208333333333333,-0.01289208011661178,-0.007307198578058655
sarawak,secondary_lower,female,2020,193,91356,9878,9.248430856448675,473.34715025906735,51.181347150259064,0.0,-0.0007109963793876681,-0.017407738983388044
sarawak,secondary_lower,female,2021,193,92593,9556,9.689514441188782,479.7564766839378,49.512953367875646,0.0,0.013540435220456237,-0.03259769184045353
sarawak,secondary_lower,female,2022,193,92723,10189,9.10030424968103,480.4300518134715,52.79274611398964,0.0,0.0014039938224271813,0.0662411050648807
sarawak,secondary_lower,male,2017,190,99269,5646,17.582182075805882,522.4684210526316,29.71578947368421,,,
sarawak,secondary_lower,male,2018,192,93237,5595,16.664343163538874,485.609375,29.140625,0.010526315789473684,-0.06076418620113026,-0.009032943676939426
sarawak,secondary_lower,male,2019,193,92445,5467,16.90963965611853,478.9896373056995,28.326424870466322,0.005208333333333333,-0.008494481804433861,-0.022877569258266308
sarawak,secondary_lower,male,2020,193,92834,5255,17.66584205518554,481.00518134715026,27.2279792746114,0.0,0.004207907404402618,-0.03877812328516554
sarawak,secondary_lower,male,2021,193,95554,5050,18.921584158415843,495.0984455958549,26.16580310880829,0.0,0.029299610056660274,-0.0390104662226451
sarawak,secondary_lower,male,2022,193,96935,5147,18.83330095201088,502.2538860103627,26.66839378238342,0.0,0.014452560855641837,0.019207920792079208
sarawak,secondary_upper,female,2017,190,103475,9739,10.624807475100113,544.6052631578947,51.257894736842104,,,
sarawak,secondary_upper,female,2018,192,92615,10127,9.145354004147329,482.3697916666667,52.744791666666664,0.010526315789473684,-0.1049528871708142,0.03983981928329397
sarawak,secondary_upper,female,2019,193,91421,10053,9.093902317716104,473.6839378238342,52.0880829015544,0.005208333333333333,-0.01289208011661178,-0.007307198578058655
sarawak,secondary_upper,female,2020,193,91356,9878,9.248430856448675,473.34715025906735,51.181347150259064,0.0,-0.0007109963793876681,-0.017407738983388044
sarawak,secondary_upper,female,2021,193,92593,9556,9.689514441188782,479.7564766839378,49.512953367875646,0.0,0.013540435220456237,-0.03259769184045353
sarawak,secondary_upper,female,2022,193,92723,10189,9.10030424968103,480.4300518134715,52.79274611398964,0.0,0.0014039938224271813,0.0662411050648807
sarawak,secondary_upper,male,2017,190,99269,5646,17.582182075805882,522.4684210526316,29.71578947368421,,,
sarawak,secondary_upper,male,2018,192,93237,5595,16.664343163538874,485.609375,29.140625,0.010526315789473684,-0.06076418620113026,-0.009032943676939426
sarawak,secondary_upper,male,2019,193,92445,5467,16.90963965611853,478.9896373056995,28.326424870466322,0.005208333333333333,-0.008494481804433861,-0.022877569258266308
sarawak,secondary_upper,male,2020,193,92834,5255,17.66584205518554,481.00518134715026,27.2279792746114,0.0,0.004207907404402618,-0.03877812328516554
sarawak,secondary_upper,male,2021,193,95554,5050,18.921584158415843,495.0984455958549,26.16580310880829,0.0,0.029299610056660274,-0.0390104662226451
sarawak,secondary_upper,male,2022,193,96935,5147,18.83330095201088,502.2538860103627,26.66839378238342,0.0,0.014452560855641837,0.019207920792079208
selangor,primary,female,2017,659,249686,26308,9.490877299680706,378.88619119878604,39.92109256449165,,,
selangor,primary,female,2018,661,252710,27330,9.246615440907428,382.31467473524964,41.3464447806354,0.0030349013657056147,0.012111211681872432,0.03884749885966246
selangor,primary,female,2019,661,257737,26925,9.572404828226555,389.9198184568835,40.73373676248109,0.0,0.019892366744489732,-0.014818880351262349
selangor,primary,female,2020,662,261057,27248,9.580776570757488,394.3459214501511,41.16012084592145,0.0015128593040847202,0.012881348040832321,0.011996285979572887
selangor,primary,female,2021,663,265662,27253,9.747991046857226,400.6968325791855,41.10558069381599,0.0015105740181268882,0.01763982578517335,0.00018349970640046975
selangor,primary,female,2022,661,267361,27084,9.871547777285482,404.47957639939483,40.97428139183056,-0.0030165912518853697,0.006395344460254007,-0.006201152166733937
selangor,primary,male,2017,659,263031,7681,34.244369222757456,399.1365705614568,11.655538694992412,,,
selangor,primary,male,2018,661,265678,7806,34.035101204201894,401.9334341906203,11.809379727685325,0.0030349013657056147,0.010063452596842198,0.01627392266631949
selangor,primary,male,2019,661,271294,7675,35.34775244299674,410.42965204236003,11.611195158850228,0.0,0.02113837050866086,-0.016781962592877273
selangor,primary,male,2020,662,274429,8036,34.149950223992036,414.5453172205438,12.138972809667674,0.0015128593040847202,0.01155572920890252,0.04703583061889251
selangor,primary,male,2021,663,279424,8015,34.862632563942604,421.45399698340873,12.088989441930618,0.0015105740181268882,0.01820142914925172,-0.002613240418118467
selangor,primary,male,2022,661,281261,7934,35.45008822788001,425.5083207261725,12.00302571860817,-0.0030165912518853697,0.006574238433348603,-0.010106051154086089
selangor,secondary_lower,female,2017,277,191520,22098,8.666847678522943,691.4079422382672,79.77617328519855,,,
selangor,secondary_lower,female,2018,278,178665,22194,8.05014868883482,642.6798561151079,79.83453237410072,0.0036101083032490976,-0.06712092731829573,0.004344284550638067
selangor,secondary_lower,female,2019,278,178031,22026,8.082765822210115,640.3992805755396,79.23021582733813,0.0,-0.003548540564744074,-0.007569613409029468
selangor,secondary_lower,female,2020,278,178581,21760,8.206847426470588,642.3776978417267,78.27338129496403,0.0,0.0030893496076526,-0.01207663670207936
selangor,secondary_lower,female,2021,278,181289,21375,8.481356725146199,652.1187050359712,76.88848920863309,0.0,0.015163987210285529,-0.017693014705882353
selangor,secondary_lower,female,2022,279,182542,22262,8.199712514598868,654.2724014336918,79.7921146953405,0.0035971223021582736,0.006911616259122175,0.04149707602339181
selangor,secondary_lower,male,2017,277,184437,4835,38.14622543950362,665.8375451263538,17.454873646209386,,,
selangor,secondary_lower,male,2018,278,175266,4881,35.907805777504606,630.4532374100719,17.557553956834532,0.0036101083032490976,-0.04972429610110769,0.00951396070320579
selangor,secondary_lower,male,2019,278,176131,4863,36.218589348139005,633.5647482014389,17.492805755395683,0.0,0.004935355402645122,-0.0036877688998156115
selangor,secondary_lower,male,2020,278,177443,4772,37.18419949706622,638.2841726618705,17.165467625899282,0.0,0.007449001027644197,-0.018712728768250052
selangor,secondary_lower,male,2021,278,182415,4647,39.254357650096836,656.1690647482014,16.715827338129497,0.0,0.028020265662776215,-0.026194467728415757
selangor,secondary_lower,male,2022,279,185122,4952,37.38327948303716,663.5197132616487,17.74910394265233,0.0035971223021582736,0.014839788394594744,0.06563374219926835
selangor,secondary_upper,female,2017,277,191520,22098,8.666847678522943,691.4079422382672,79.77617328519855,,,
selangor,secondary_upper,female,2018,278,178665,22194,8.05014868883482,642.6798561151079,79.83453237410072,0.0036101083032490976,-0.06712092731829573,0.004344284550638067
selangor,secondary_upper,female,2019,278,178031,22026,8.082765822210115,640.3992805755396,79.23021582733813,0.0,-0.003548540564744074,-0.007569613409029468
selangor,secondary_upper,female,2020,278,178581,21760,8.206847426470588,642.3776978417267,78.27338129496403,0.0,0.0030893496076526,-0.01207663670207936
selangor,secondary_upper,female,2021,278,181289,21375,8.481356725146199,652.1187050359712,76.88848920863309,0.0,0.015163987210285529,-0.017693014705882353
selangor,secondary_upper,female,2022,279,182542,22262,8.199712514598868,654.2724014336918,79.7921146953405,0.0035971223021582736,0.006911616259122175,0.04149707602339181
selangor,secondary_upper,male,2017,277,184437,4835,38.14622543950362,665.8375451263538,17.454873646209386,,,
selangor,secondary_upper,male,2018,278,175266,4881,35.907805777504606,630.4532374100719,17.557553956834532,0.0036101083032490976,-0.04972429610110769,0.00951396070320579
selangor,secondary_upper,male,2019,278,176131,4863,36.218589348139005,633.5647482014389,17.492805755395683,0.0,0.004935355402645122,-0.0036877688998156115
selangor,secondary_upper,male,2020,278,177443,4772,37.18419949706622,638.2841726618705,17.165467625899282,0.0,0.007449001027644197,-0.018712728768250052
selangor,secondary_upper,male,2021,278,182415,4647,39.254357650096836,656.1690647482014,16.715827338129497,0.0,0.028020265662776215,-0.026194467728415757
selangor,secondary_upper,male,2022,279,185122,4952,37.38327948303716,663.5197132616487,17.74910394265233,0.0035971223021582736,0.014839788394594744,0.06563374219926835
terengganu,primary,female,2017,352,61170,7821,7.821250479478327,173.7784090909091,22.21875,,,
terengganu,primary,female,2018,352,61777,8297,7.44570326624081,175.5028409090909,23.571022727272727,0.0,0.009923164950138957,0.060861782380769724
terengganu,primary,female,2019,352,62688,8278,7.572843682048804,178.0909090909091,23.517045454545453,0.0,0.014746588536186607,-0.0022899843316861518
terengganu,primary,female,2020,352,63554,8266,7.688603919670941,180.55113636363637,23.482954545454547,0.0,0.013814446145992854,-0.001449625513409036
terengganu,primary,female,2021,352,64922,8119,7.996304963665476,184.4375,23.06534090909091,0.0,0.021525002360197627,-0.017783692233244615
terengganu,primary,female,2022,352,65539,8244,7.949902959728287,186.1903409090909,23.420454545454547,0.0,0.009503712146883954,0.01539598472718315
terengganu,primary,male,2017,352,63680,3748,16.990394877267875,180.9090909090909,10.647727272727273,,,
terengganu,primary,male,2018,352,64688,3705,17.45964912280702,183.77272727272728,10.525568181818182,0.0,0.015829145728643215,-0.011472785485592316
terengganu,primary,male,2019,352,65863,3686,17.86842105263158,187.11079545454547,10.471590909090908,0.0,0.018164110808805343,-0.005128205128205128
terengganu,primary,male,2020,352,66654,3695,18.03897158322057,189.35795454545453,10.497159090909092,0.0,0.012009777872249973,0.0024416711882799783
terengganu,primary,male,2021,352,67917,3613,18.7979518405757,192.94602272727272,10.264204545454545,0.0,0.018948600234044467,-0.022192151556156968
terengganu,primary,male,2022,352,69018,3724,18.53329752953813,196.07386363636363,10.579545454545455,0.0,0.016210963381774815,0.030722391364517022
terengganu,secondary_lower,female,2017,150,53140,7006,7.58492720525264,354.26666666666665,46.70666666666666,,,
terengganu,secondary_lower,female,2018,151,47647,7218,6.601136048766971,315.5430463576159,47.80132450331126,0.006666666666666667,-0.1033684606699285,0.03025977733371396
terengganu,secondary_lower,female,2019,152,47140,7253,6.499379567075692,310.13157894736844,47.7171052631579,0.006622516556291391,-0.010640753877473923,0.0048489886395123305
terengganu,secondary_lower,female,2020,152,46743,7290,6.411934156378601,307.51973684210526,47.96052631578947,0.0,-0.0084217225286381,0.00510133737763684
terengganu,secondary_lower,female,2021,153,47810,7177,6.661557753936185,312.48366013071893,46.908496732026144,0.006578947368421052,0.02282694735040541,-0.015500685871056241
terengganu,secondary_lower,female,2022,154,48852,7494,6.518815052041633,317.2207792207792,48.66233766233766,0.006535947712418301,0.021794603639405982,0.04416887278807301
terengganu,secondary_lower,male,2017,150,50241,3239,15.511268910157456,334.94,21.593333333333334,,,
terengganu,secondary_lower,male,2018,151,46024,3220,14.293167701863354,304.79470198675494,21.32450331125828,0.006666666666666667,-0.08393543122151231,-0.005866008027168879
terengganu,secondary_lower,male,2019,152,45214,3167,14.276602462898643,297.4605263157895,20.835526315789473,0.006622516556291391,-0.01759951329741005,-0.016459627329192546
terengganu,secondary_lower,male,2020,152,45227,3095,14.612924071082391,297.54605263157896,20.361842105263158,0.0,0.0002875215641173088,-0.022734449005367856
terengganu,secondary_lower,male,2021,153,47168,2984,15.806970509383378,308.2875816993464,19.50326797385621,0.006578947368421052,0.042916841709598245,-0.035864297253634894
terengganu,secondary_lower,male,2022,154,48317,2974,16.246469401479487,313.74675324675326,19.31168831168831,0.006535947712418301,0.02435973541383989,-0.003351206434316354
terengganu,secondary_upper,female,2017,150,53140,7006,7.58492720525264,354.26666666666665,46.70666666666666,,,
terengganu,secondary_upper,female,2018,151,47647,7218,6.601136048766971,315.5430463576159,47.80132450331126,0.006666666666666667,-0.1033684606699285,0.03025977733371396
terengganu,secondary_upper,female,2019,152,47140,7253,6.499379567075692,310.13157894736844,47.7171052631579,0.006622516556291391,-0.010640753877473923,0.0048489886395123305
terengganu,secondary_upper,female,2020,152,46743,7290,6.411934156378601,307.51973684210526,47.96052631578947,0.0,-0.0084217225286381,0.00510133737763684
terengganu,secondary_upper,female,2021,153,47810,7177,6.661557753936185,312.48366013071893,46.908496732026144,0.006578947368421052,0.02282694735040541,-0.015500685871056241
terengganu,secondary_upper,female,2022,154,48852,7494,6.518815052041633,317.2207792207792,48.66233766233766,0.006535947712418301,0.021794603639405982,0.04416887278807301
terengganu,secondary_upper,male,2017,150,50241,3239,15.511268910157456,334.94,21.593333333333334,,,
terengganu,secondary_upper,male,2018,151,46024,3220,14.293167701863354,304.79470198675494,21.32450331125828,0.006666666666666667,-0.08393543122151231,-0.005866008027168879
terengganu,secondary_upper,male,2019,152,45214,3167,14.276602462898643,297.4605263157895,20.835526315789473,0.006622516556291391,-0.01759951329741005,-0.016459627329192546
terengganu,secondary_upper,male,2020,152,45227,3095,14.612924071082391,297.54605263157896,20.361842105263158,0.0,0.0002875215641173088,-0.022734449005367856
terengganu,secondary_upper,male,2021,153,47168,2984,15.806970509383378,308.2875816993464,19.50326797385621,0.006578947368421052,0.042916841709598245,-0.035864297253634894
terengganu,secondary_upper,male,2022,154,48317,2974,16.246469401479487,313.74675324675326,19.31168831168831,0.006535947712418301,0.02435973541383989,-0.003351206434316354
w.p. kuala lumpur,primary,female,2017,201,62314,6901,9.029705839733372,310.0199004975124,34.333333333333336,,,
w.p. kuala lumpur,primary,female,2018,194,62699,6971,8.994261942332521,323.19072164948454,35.93298969072165,-0.03482587064676617,0.006178386879352954,0.010143457469931894
w.p. kuala lumpur,primary,female,2019,191,64030,6729,9.515529796403627,335.23560209424085,35.230366492146594,-0.015463917525773196,0.02122840874655098,-0.034715248888251324
w.p. kuala lumpur,primary,female,2020,191,64722,6786,9.537577365163573,338.8586387434555,35.52879581151832,0.0,0.010807434015305326,0.008470798038341507
w.p. kuala lumpur,primary,female,2021,190,65576,6735,9.7365998515219,345.13684210526316,35.44736842105263,-0.005235602094240838,0.013194895089768548,-0.007515473032714412
w.p. kuala lumpur,primary,female,2022,188,65648,6507,10.088827416628247,349.1914893617021,34.611702127659576,-0.010526315789473684,0.001097962669269245,-0.033853006681514475
w.p. kuala lumpur,primary,male,2017,201,64415,2208,29.173460144927535,320.4726368159204,10.985074626865671,,,
w.p. kuala lumpur,primary,male,2018,194,64934,2299,28.244454110482817,334.7113402061856,11.850515463917526,-0.03482587064676617,0.00805712955057052,0.04121376811594203
w.p. kuala lumpur,primary,male,2019,191,66246,2250,29.442666666666668,346.83769633507853,11.780104712041885,-0.015463917525773196,0.02020513136415437,-0.021313614615050023
w.p. kuala lumpur,primary,male,2020,191,66743,2319,28.78094006037085,349.4397905759162,12.141361256544503,0.0,0.007502339763910274,0.030666666666666665
w.p. kuala lumpur,primary,male,2021,190,67672,2271,29.79832672831352,356.1684210526316,11.952631578947368,-0.005235602094240838,0.013919062673239141,-0.02069857697283312
w.p. kuala lumpur,primary,male,2022,188,67883,2137,31.765559195133363,361.07978723404256,11.367021276595745,-0.010526315789473684,0.0031179808488000947,-0.05900484368119771
w.p. kuala lumpur,secondary_lower,female,2017,103,46354,6724,6.893813206424747,450.0388349514563,65.28155339805825,,,
w.p. kuala lumpur,secondary_lower,female,2018,104,42815,6658,6.43060979273055,411.6826923076923,64.01923076923077,0.009708737864077669,-0.07634724079906804,-0.009815585960737656
w.p. kuala lumpur,secondary_lower,female,2019,104,42100,6637,6.343227361759832,404.8076923076923,63.81730769230769,0.0,-0.0166997547588462,-0.0031541003304295582
w.p. kuala lumpur,secondary_lower,female,2020,104,42032,6501,6.4654668512536535,404.15384615384613,62.50961538461539,0.0,-0.0016152019002375296,-0.020491185776706344
w.p. kuala lumpur,secondary_lower,female,2021,104,42402,6303,6.7272727272727275,407.71153846153845,60.60576923076923,0.0,0.008802816901408451,-0.030456852791878174
w.p. kuala lumpur,secondary_lower,female,2022,104,42593,6341,6.717079325027598,409.5480769230769,60.97115384615385,0.0,0.0045045045045045045,0.006028875138822783
w.p. kuala lumpur,secondary_lower,male,2017,103,46294,1562,29.63764404609475,449.45631067961165,15.16504854368932,,,
w.p. kuala lumpur,secondary_lower,male,2018,104,43450,1688,25.740521327014218,417.78846153846155,16.23076923076923,0.009708737864077669,-0.06143344709897611,0.08066581306017925
w.p. kuala lumpur,secondary_lower,male,2019,104,42661,1689,25.25814091178212,410.2019230769231,16.240384615384617,0.0,-0.01815880322209436,0.0005924170616113745
w.p. kuala lumpur,secondary_lower,male,2020,104,42908,1701,25.225161669606113,412.5769230769231,16.35576923076923,0.0,0.005789831461991046,0.007104795737122558
w.p. kuala lumpur,secondary_lower,male,2021,104,43607,1638,26.62210012210012,419.2980769230769,15.75,0.0,0.016290668406823902,-0.037037037037037035
w.p. kuala lumpur,secondary_lower,male,2022,104,43604,1653,26.37870538415003,419.2692307692308,15.89423076923077,0.0,-6.879629417295388e-05,0.009157509157509158
w.p. kuala lumpur,secondary_upper,female,2017,103,46354,6724,6.893813206424747,450.0388349514563,65.28155339805825,,,
w.p. kuala lumpur,secondary_upper,female,2018,104,42815,6658,6.43060979273055,411.6826923076923,64.01923076923077,0.009708737864077669,-0.07634724079906804,-0.009815585960737656
w.p. kuala lumpur,secondary_upper,female,2019,104,42100,6637,6.343227361759832,404.8076923076923,63.81730769230769,0.0,-0.0166997547588462,-0.0031541003304295582
w.p. kuala lumpur,secondary_upper,female,2020,104,42032,6501,6.4654668512536535,404.15384615384613,62.50961538461539,0.0,-0.0016152019002375296,-0.020491185776706344
w.p. kuala lumpur,secondary_upper,female,2021,104,42402,6303,6.7272727272727275,407.71153846153845,60.60576923076923,0.0,0.008802816901408451,-0.030456852791878174
w.p. kuala lumpur,secondary_upper,female,2022,104,42593,6341,6.717079325027598,409.5480769230769,60.97115384615385,0.0,0.0045045045045045045,0.006028875138822783
w.p. kuala lumpur,secondary_upper,male,2017,103,46294,1562,29.63764404609475,449.45631067961165,15.16504854368932,,,
w.p. kuala lumpur,secondary_upper,male,2018,104,43450,1688,25.740521327014218,417.78846153846155,16.23076923076923,0.009708737864077669,-0.06143344709897611,0.08066581306017925
w.p. kuala lumpur,secondary_upper,male,2019,104,42661,1689,25.25814091178212,410.2019230769231,16.240384615384617,0.0,-0.01815880322209436,0.0005924170616113745
w.p. kuala lumpur,secondary_upper,male,2020,104,42908,1701,25.225161669606113,412.5769230769231,16.35576923076923,0.0,0.005789831461991046,0.007104795737122558
w.p. kuala lumpur,secondary_upper,male,2021,104,43607,1638,26.62210012210012,419.2980769230769,15.75,0.0,0.016290668406823902,-0.037037037037037035
w.p. kuala lumpur,secondary_upper,male,2022,104,43604,1653,26.37870538415003,419.2692307692308,15.89423076923077,0.0,-6.879629417295388e-05,0.009157509157509158
w.p. labuan,primary,female,2017,17,4278,538,7.951672862453532,251.64705882352942,31.647058823529413,,,
w.p. labuan,primary,female,2018,17,4434,550,8.061818181818182,260.8235294117647,32.35294117647059,0.0,0.0364656381486676,0.022304832713754646
w.p. labuan,primary,female,2019,17,4577,560,8.173214285714286,269.2352941176471,32.94117647058823,0.0,0.03225078935498421,0.01818181818181818
w.p. labuan,primary,female,2020,17,4714,553,8.524412296564195,277.29411764705884,32.529411764705884,0.0,0.02993227004588158,-0.0125
w.p. labuan,primary,female,2021,17,4764,539,8.838589981447125,280.2352941176471,31.705882352941178,0.0,0.010606703436571913,-0.02531645569620253
w.p. labuan,primary,female,2022,17,4773,510,9.358823529411765,280.7647058823529,30.0,0.0,0.001889168765743073,-0.05380333951762523
w.p. labuan,primary,male,2017,17,4491,170,26.41764705882353,264.1764705882353,10.0,,,
w.p. labuan,primary,male,2018,17,4631,187,24.764705882352942,272.4117647058824,11.0,0.0,0.03117345802716544,0.1
w.p. labuan,primary,male,2019,17,4816,181,26.607734806629836,283.29411764705884,10.647058823529411,0.0,0.03994817534009933,-0.03208556149732621
w.p. labuan,primary,male,2020,17,4989,190,26.257894736842104,293.47058823529414,11.176470588235293,0.0,0.035921926910299,0.049723756906077346
w.p. labuan,primary,male,2021,17,5100,203,25.123152709359605,300.0,11.941176470588236,0.0,0.022248947684906796,0.06842105263157895
w.p. labuan,primary,male,2022,17,5152,195,26.42051282051282,303.05882352941177,11.470588235294118,0.0,0.01019607843137255,-0.03940886699507389
w.p. labuan,secondary_lower,female,2017,10,3176,436,7.284403669724771,317.6,43.6,,,
w.p. labuan,secondary_lower,female,2018,10,2746,451,6.088691796008869,274.6,45.1,0.0,-0.1353904282115869,0.034403669724770644
w.p. labuan,secondary_lower,female,2019,10,2784,436,6.385321100917431,278.4,43.6,0.0,0.013838310269482883,-0.03325942350332594
w.p. labuan,secondary_lower,female,2020,10,2881,438,6.577625570776256,288.1,43.8,0.0,0.03484195402298851,0.0045871559633027525
w.p. labuan,secondary_lower,female,2021,10,3053,420,7.269047619047619,305.3,42.0,0.0,0.05970149253731343,-0.0410958904109589
w.p. labuan,secondary_lower,female,2022,11,3358,439,7.649202733485193,305.27272727272725,39.90909090909091,0.1,0.09990173599737963,0.04523809523809524
w.p. labuan,secondary_lower,male,2017,10,3303,237,13.936708860759493,330.3,23.7,,,
w.p. labuan,secondary_lower,male,2018,10,2964,219,13.534246575342467,296.4,21.9,0.0,-0.10263396911898275,-0.0759493670886076
w.p. labuan,secondary_lower,male,2019,10,2981,210,14.195238095238095,298.1,21.0,0.0,0.005735492577597841,-0.0410958904109589
w.p. labuan,secondary_lower,male,2020,10,3092,198,15.616161616161616,309.2,19.8,0.0,0.03723582690372358,-0.05714285714285714
w.p. labuan,secondary_lower,male,2021,10,3264,193,16.911917098445596,326.4,19.3,0.0,0.055627425614489,-0.025252525252525252
w.p. labuan,secondary_lower,male,2022,11,3463,206,16.810679611650485,314.8181818181818,18.727272727272727,0.1,0.06096813725490196,0.06735751295336788
w.p. labuan,secondary_upper,female,2017,10,3176,436,7.284403669724771,317.6,43.6,,,
w.p. labuan,secondary_upper,female,2018,10,2746,451,6.088691796008869,274.6,45.1,0.0,-0.1353904282115869,0.034403669724770644
w.p. labuan,secondary_upper,female,2019,10,2784,436,6.385321100917431,278.4,43.6,0.0,0.013838310269482883,-0.03325942350332594
w.p. labuan,secondary_upper,female,2020,10,2881,438,6.577625570776256,288.1,43.8,0.0,0.03484195402298851,0.0045871559633027525
w.p. labuan,secondary_upper,female,2021,10,3053,420,7.269047619047619,305.3,42.0,0.0,0.05970149253731343,-0.0410958904109589
w.p. labuan,secondary_upper,female,2022,11,3358,439,7.649202733485193,305.27272727272725,39.90909090909091,0.1,0.09990173599737963,0.04523809523809524
w.p. labuan,secondary_upper,male,2017,10,3303,237,13.936708860759493,330.3,23.7,,,
w.p. labuan,secondary_upper,male,2018,10,2964,219,13.534246575342467,296.4,21.9,0.0,-0.10263396911898275,-0.0759493670886076
w.p. labuan,secondary_upper,male,2019,10,2981,210,14.195238095238095,298.1,21.0,0.0,0.005735492577597841,-0.0410958904109589
w.p. labuan,secondary_upper,male,2020,10,3092,198,15.616161616161616,309.2,19.8,0.0,0.03723582690372358,-0.05714285714285714
w.p. labuan,secondary_upper,male,2021,10,3264,193,16.911917098445596,326.4,19.3,0.0,0.055627425614489,-0.025252525252525252
w.p. labuan,secondary_upper,male,2022,11,3463,206,16.810679611650485,314.8181818181818,18.727272727272727,0.1,0.06096813725490196,0.06735751295336788
w.p. putrajaya,primary,female,2017,14,7380,738,10.0,527.1428571428571,52.714285714285715,,,
w.p. putrajaya,primary,female,2018,14,8371,930,9.001075268817205,597.9285714285714,66.42857142857143,0.0,0.13428184281842817,0.2601626016260163
w.p. putrajaya,primary,female,2019,14,9149,974,9.393223819301848,653.5,69.57142857142857,0.0,0.09293991159956995,0.047311827956989246
w.p. putrajaya,primary,female,2020,16,9906,1026,9.654970760233919,619.125,64.125,0.14285714285714285,0.08274128320034976,0.053388090349075976
w.p. putrajaya,primary,female,2021,16,10606,1083,9.793167128347184,662.875,67.6875,0.0,0.07066424389259035,0.05555555555555555
w.p. putrajaya,primary,female,2022,16,10998,1166,9.432246998284734,687.375,72.875,0.0,0.03696021120120686,0.07663896583564174
w.p. putrajaya,primary,male,2017,14,7717,185,41.71351351351351,551.2142857142857,13.214285714285714,,,
w.p. putrajaya,primary,male,2018,14,8619,245,35.179591836734694,615.6428571428571,17.5,0.0,0.11688479979266554,0.32432432432432434
w.p. putrajaya,primary,male,2019,14,9437,275,34.31636363636363,674.0714285714286,19.642857142857142,0.0,0.09490660169393202,0.12244897959183673
w.p. putrajaya,primary,male,2020,16,10217,301,33.943521594684384,638.5625,18.8125,0.14285714285714285,0.08265338560983364,0.09454545454545454
w.p. putrajaya,primary,male,2021,16,10984,323,34.0061919504644,686.5,20.1875,0.0,0.07507096016443184,0.07308970099667775
w.p. putrajaya,primary,male,2022,16,11505,349,32.96561604584527,719.0625,21.8125,0.0,0.0474326292789512,0.0804953560371517
w.p. putrajaya,secondary_lower,female,2017,11,3501,625,5.6016,318.27272727272725,56.81818181818182,,,
w.p. putrajaya,secondary_lower,female,2018,11,3491,677,5.156573116691285,317.3636363636364,61.54545454545455,0.0,-0.0028563267637817767,0.0832
w.p. putrajaya,secondary_lower,female,2019,11,3827,669,5.720478325859491,347.90909090909093,60.81818181818182,0.0,0.09624749355485535,-0.011816838995568686
w.p. putrajaya,secondary_lower,female,2020,11,4213,677,6.223042836041359,383.0,61.54545454545455,0.0,0.1008622942252417,0.01195814648729447
w.p. putrajaya,secondary_lower,female,2021,11,4770,688,6.933139534883721,433.6363636363636,62.54545454545455,0.0,0.132209826726798,0.01624815361890694
w.p. putrajaya,secondary_lower,female,2022,11,5298,762,6.952755905511811,481.6363636363636,69.27272727272727,0.0,0.11069182389937107,0.10755813953488372
w.p. putrajaya,secondary_lower,male,2017,11,4286,114,37.59649122807018,389.6363636363636,10.363636363636363,,,
w.p. putrajaya,secondary_lower,male,2018,11,4337,149,29.107382550335572,394.27272727272725,13.545454545454545,0.0,0.01189920671955203,0.30701754385964913
w.p. putrajaya,secondary_lower,male,2019,11,4638,155,29.92258064516129,421.6363636363636,14.090909090909092,0.0,0.0694028130043809,0.040268456375838924
w.p. putrajaya,secondary_lower,male,2020,11,4996,155,32.23225806451613,454.1818181818182,14.090909090909092,0.0,0.0771884432945235,0.0
w.p. putrajaya,secondary_lower,male,2021,11,5564,163,34.13496932515337,505.8181818181818,14.818181818181818,0.0,0.11369095276220977,0.05161290322580645
w.p. putrajaya,secondary_lower,male,2022,11,6138,165,37.2,558.0,15.0,0.0,0.10316319194823868,0.012269938650306749
w.p. putrajaya,secondary_upper,female,2017,11,3501,625,5.6016,318.27272727272725,56.81818181818182,,,
w.p. putrajaya,secondary_upper,female,2018,11,3491,677,5.156573116691285,317.3636363636364,61.54545454545455,0.0,-0.0028563267637817767,0.0832
w.p. putrajaya,secondary_upper,female,2019,11,3827,669,5.720478325859491,347.90909090909093,60.81818181818182,0.0,0.09624749355485535,-0.011816838995568686
w.p. putrajaya,secondary_upper,female,2020,11,4213,677,6.223042836041359,383.0,61.54545454545455,0.0,0.1008622942252417,0.01195814648729447
w.p. putrajaya,secondary_upper,female,2021,11,4770,688,6.933139534883721,433.6363636363636,62.54545454545455,0.0,0.132209826726798,0.01624815361890694
w.p. putrajaya,secondary_upper,female,2022,11,5298,762,6.952755905511811,481.6363636363636,69.27272727272727,0.0,0.11069182389937107,0.10755813953488372
w.p. putrajaya,secondary_upper,male,2017,11,4286,114,37.59649122807018,389.6363636363636,10.363636363636363,,,
w.p. putrajaya,secondary_upper,male,2018,11,4337,149,29.107382550335572,394.27272727272725,13.545454545454545,0.0,0.01189920671955203,0.30701754385964913
w.p. putrajaya,secondary_upper,male,2019,11,4638,155,29.92258064516129,421.6363636363636,14.090909090909092,0.0,0.0694028130043809,0.040268456375838924
w.p. putrajaya,secondary_upper,male,2020,11,4996,155,32.23225806451613,454.1818181818182,14.090909090909092,0.0,0.0771884432945235,0.0
w.p. putrajaya,secondary_upper,male,2021,11,5564,163,34.13496932515337,505.8181818181818,14.818181818181818,0.0,0.11369095276220977,0.05161290322580645
w.p. putrajaya,secondary_upper,male,2022,11,6138,165,37.2,558.0,15.0,0.0,0.10316319194823868,0.012269938650306749
